{
  "configs": {
    "color-picker": {
      "path": "SeedModules.MindPlus/js/color-picker/color-picker",
      "shim": {
        "deps": ["app/application"]
      }
    },
    "json-diff": {
      "path": "SeedModules.MindPlus/js/json-diff/json-diff",
      "noDebug": true
    },
    "hotbox": {
      "path": "SeedModules.MindPlus/js/hotbox/hotbox"
    },
    "kity": {
      "path": "SeedModules.MindPlus/js/kityminder/kity.min",
      "noDebug": true
    },
    "kityminder": {
      "path": "SeedModules.MindPlus/js/kityminder/kityminder.core.min",
      "noDebug": true,
      "shim": {
        "deps": ["kity"]
      }
    },
    "kityminder.editor": {
      "path": "SeedModules.MindPlus/js/kityminder/kityminder.editor.min",
      "noDebug": true,
      "shim": {
        "deps": ["kityminder", "color-picker", "json-diff", "hotbox"]
      }
    }
  }
}
